scenario,query_index,description,expected_probability,original_formula,semantic_repair_trigger_count
NL_Specification_1,1,The robot shall navigate from the starting location to the coffee machine location upon mission initialization.,0.975028,"Pr[<=700] (<> pow(robPositionX[0] - coffee_room[0], 2) + pow(robPositionY[0] - coffee_room[1], 2) <= pow(30, 2))",1
NL_Specification_1,2,The robot shall navigate from the starting location to the coffee machine location upon mission initialization.,0.975028,"Pr[<=700] (<> pt_dist(robPositionX[0], location_X[2], robPositionY[0], location_Y[2]) <= 30)",2
NL_Specification_1,3,The robot must be able to reach the employee's locations from the coffee machine.,0.975028,Pr[<=700] (<> Coffee_Delivery_robot_def.A1_a3_moveTo_complete),0
NL_Specification_1,4,The robot must be able to reach the employee's locations from the coffee machine.,0.975028,Pr[<=700] (<> Coffee_Delivery_robot_def.A1_a7_moveTo_complete),0
NL_Specification_1,5,The robot must navigate without entering forbidden areas inside the university building.,0.975028,"Pr[<=700] (<> !isValidPosition(robPositionX[0], robPositionY[0]))",0
NL_Specification_1,6,"The robot must perform exactly one cycle of the mission for each delivery request (no repetitions, no missing steps).",0.02497205,Pr[<=700] (<> currP > 2),4
NL_Specification_1,7,The robot must not continue performing actions indefinitely once the delivery is completed.,0.975028,Pr[<=700]([] (Coffee_Delivery.end imply (rm_1.idle && rf_1.idle && rp_1.idle && rd_1.idle))),4
NL_Specification_1,8,"Upon receiving a coffee request, the robot shall transition from Idle to an Active mode.",0.02497205,Pr[<=1]([] Coffee_Delivery_robot_def.init_robot),0
NL_Specification_1,9,The robot must deliver the coffee to the intended employee.,0.975028,"Pr[<=700] (<> (pow(robPositionX[0] - office001[0], 2) + pow(robPositionY[0] - office001[1], 2) <= 900) imply Coffee_Delivery_robot_def.A1_a4_deposit_complete)",0
NL_Specification_1,10,The robot must deliver the coffee to the intended employee.,0.975028,"Pr[<=700] (<> (pow(robPositionX[0] - office004[0], 2) + pow(robPositionY[0] - office004[1], 2) <= 900) imply Coffee_Delivery_robot_def.A1_a8_deposit_complete)",0
NL_Specification_1,11,The robot must reach the coffee machine before picking up the coffee.,0.975028,"Pr[<=700] (<> (pow(robPositionX[0] - coffee_room[0], 2) + pow(robPositionY[0] - coffee_room[1], 2) <= 900) imply Coffee_Delivery_robot_def.A1_a2_pick_complete)",0
NL_Specification_1,12,The robot must reach the coffee machine before picking up the coffee.,0.975028,"Pr[<=700] (<> (pow(robPositionX[0] - coffee_room[0], 2) + pow(robPositionY[0] - coffee_room[1], 2) <= 900) imply Coffee_Delivery_robot_def.A1_a6_pick_complete)",0
NL_Specification_1,13,The robot must guarantee task completion.,0.975028,Pr[<=700] (<> Coffee_Delivery.end),4
NL_Specification_1,14,The state of charge of the robot must not reach zero during the mission.,0.02497205,Pr[<=700](<>batteryCharge[0]<=0),4
NL_Specification_1,15,The robot must not move too fast for safety reasons.,0.02497205,Pr[<=700] (<> rm_1.V > rm_1._v_max),5
NL_Specification_1,16,Only one coffee-serving action can be initiated at a time. The robot must prevent overlapping uses.,0.02497205,Pr[<=700](<> robot_inventory[0][0]>1),4
NL_Specification_2,1,"Upon mission initialization, the robot shall transition from 'Idle' to an 'Active' mode.",0.02497205,Pr[<=1]([] user_guided_transport_robot_def.init_robot),0
NL_Specification_2,2,"Upon mission initialization, the human shall transition from 'Idle' to an 'Active' mode.",0.02497205,Pr[<=1]([] user_guided_transport_human_def.init_human),0
NL_Specification_2,3,The human shall navigate from the initial location to the bedroom.,0.975028,"Pr[<=700] (<> pow(humanPositionX[0] - bedroom[0], 2) + pow(humanPositionY[0] - bedroom[1], 2) <= 900 )",0
NL_Specification_2,4,The robot shall navigate from the initial location to the bedroom.,0.975028,"Pr[<=700] (<> pow(robPositionX[0] - bedroom[0], 2) + pow(robPositionY[0] - bedroom[1], 2) <= 900 )",0
NL_Specification_2,5,The robot must not attempt to pick up the object before reaching the bedroom.,0.975028,"Pr[<=700] (<> !rp_1.idle && !(pow(robPositionX[0] - bedroom[0], 2) + pow(robPositionY[0] - bedroom[1], 2) <= 900) )",0
NL_Specification_2,6,The robot must not attempt to pick up the object before reaching the bedroom.,0.02497205,"Pr[<=700] (<> user_guided_transport_robot_def.A2_a2_pick_busy && !(pow(robPositionX[0] - bedroom[0], 2) + pow(robPositionY[0] - bedroom[1], 2) <= 900) )",0
NL_Specification_2,7,The robot must not attempt to pick up the object unless the human is also present in the bedroom.,0.975028,"Pr[<=700] (<> !rp_1.idle && !(pow(robPositionX[0] - bedroom[0], 2) + pow(robPositionY[0] - bedroom[1], 2) <= 900) )",0
NL_Specification_2,8,The robot must not attempt to pick up the object unless the human is also present in the bedroom.,0.02497205,"Pr[<=700] (<> user_guided_transport_robot_def.A2_a2_pick_busy && !(pow(robPositionX[0] - bedroom[0], 2) + pow(robPositionY[0] - bedroom[1], 2) <= 900) )",0
NL_Specification_2,9,The robot must successfully grasp exactly one object in the bedroom.,0.975028,"Pr[<=700](<> (pow(robPositionX[0] - bedroom[0], 2) + pow(robPositionY[0] - bedroom[1], 2) <= 900) && robot_inventory[0][0] == 1)",0
NL_Specification_2,10,The robot must successfully grasp exactly one object in the bedroom.,0.975028,"Pr[<=700]([] (pow(robPositionX[0] - bedroom[0], 2) + pow(robPositionY[0] - bedroom[1], 2) <= 900) imply robot_inventory[0][0] <= 1)",0
NL_Specification_2,11,The robot must not drop or release the object before reaching the kitchen.,0.02497205,"Pr[<=700](<> (pow(robPositionX[0] - kitchen[0], 2) + pow(robPositionY[0] - kitchen[1], 2) <= 900) && robot_inventory[0][0] == 0)",0
NL_Specification_2,12,"After the object is grasped, the human shall navigate to the kitchen.",0.975028,Pr[<=700](<>  robot_inventory[0][0] == 1 imply (user_guided_transport_human_def.A1_a2_moveTo_busy)),0
NL_Specification_2,13,The robot shall follow the human to the kitchen while carrying the object.,0.975028,Pr[<=700]([] user_guided_transport_robot_def.A2_a3_follow_busy imply robot_inventory[0][0] == 1),0
NL_Specification_2,14,The robot must not navigate to the kitchen unless the object is in its possession.,0.975028,Pr[<=700]([] user_guided_transport_robot_def.A2_a3_follow_busy imply robot_inventory[0][0] == 1),0
NL_Specification_2,15,The robot must avoid collisions with obstacles during navigation.,0.02497205,"Pr[<=700] (<> pow(robPositionX[0] - object[0], 2) + pow(robPositionY[0] - object[1], 2) <= 0 )",0
NL_Specification_2,16,The robot must avoid collisions with the human during navigation.,0.975028,"Pr[<=700] (<> pow(robPositionX[0] - humanPositionX[0], 2) + pow(robPositionY[0] - humanPositionY[0], 2) <= 0 )",0
NL_Specification_2,17,The human must avoid collisions with obstacles during navigation.,0.02497205,"Pr[<=700] (<> pow(humanPositionX[0] - object[0], 2) + pow(humanPositionY[0] - object[1], 2) <= 0 )",0
NL_Specification_2,18,The human must avoid collisions with the robot during navigation.,0.975028,"Pr[<=700] (<> pow(robPositionX[0] - humanPositionX[0], 2) + pow(robPositionY[0] - humanPositionY[0], 2) <= 0 )",0
NL_Specification_2,19,The robot must not enter forbidden areas of the environment.,0.975028,"Pr[<=700] (<> !isValidPosition(robPositionX[0], robPositionY[0]))",0
NL_Specification_2,20,The human must not enter forbidden areas of the environment.,0.975028,"Pr[<=700] (<> !isValidPosition(humanPositionX[0], humanPositionY[0]))",0
NL_Specification_2,21,The mission shall consist of exactly one execution cycle (no repetitions and no skipped steps).,0.02497205,Pr[<=700] (<> currP > 2),0
NL_Specification_2,22,The mission shall terminate once both agents are in the kitchen and the robot is holding the object.,0.975028,"Pr[<=700] ([] ( pow(robPositionX[0] - kitchen[0], 2) + pow(robPositionY[0] - kitchen[1], 2) <= 900  && pow(humanPositionX[0] - bedroom[0], 2) + pow(humanPositionY[0] - bedroom[1], 2) <= 900 && robot_inventory[0][0] == 1) imply (user_guided_transport.end) )",0
NL_Specification_2,23,The agents must not continue performing actions indefinitely after mission completion.,0.975028,Pr[<=700]([] (user_guided_transport.end imply (rm_1.idle && rf_1.idle && rp_1.idle && rd_1.idle && hi_1.idle))),0
NL_Specification_2,24,The state of charge of the robot does not reach zero during the pattern.,0.02497205,Pr[<=700](<>batteryCharge[0]<=0),0
NL_Specification_2,25,The fatigue of the human does not reach the maximum during the pattern.,0.02497205,Pr[<=700](<>humanFatigue[0]>=100),0
NL_Specification_3,1,The system shall deploy exactly two AMR robots for material transportation within the factory.,0.975028,Pr[<=700] ([] N_R == 2),15
NL_Specification_3,2,Raw materials shall be initially stored in a designated warehouse location.,0.975028,Pr[<=1] ([] raw_materials[0] == warehouse[0] && raw_materials[1] == warehouse[1]),0
NL_Specification_3,3,Robot1 shall be able to pick up raw materials from the warehouse.,0.02497205,Pr[<=700] (<> robot_inventory[0][0] == 1),15
NL_Specification_3,4,Robot2 shall be able to pick up raw materials from the warehouse.,0.02497205,Pr[<=700] (<> robot_inventory[1][0] == 1),15
NL_Specification_3,5,"Upon receiving a transport order, Robot1 shall transition from 'Idle' to 'Active' mode.",0.02497205,Pr[<=1] ([] Factory_Pipeline_robot1_def.init_robot1),0
NL_Specification_3,6,"Upon receiving a transport order, Robot2 shall transition from 'Idle' to 'Active' mode.",0.02497205,Pr[<=1] ([] Factory_Pipeline_robot2_def.init_robot2),0
NL_Specification_3,7,Robot1 shall avoid collisions with ARM2.,0.975028,Pr[<=7000] (<> robPositionX[0] == robPositionX[1] && robPositionY[0] == robPositionY[1]  ),0
NL_Specification_3,8,Robot2 shall avoid collisions with Robot1.,0.975028,Pr[<=7000] (<> robPositionX[1] == robPositionX[0] && robPositionY[1] == robPositionY[0]  ),0
NL_Specification_3,9,Robot1 shall not enter forbidden zones during navigation.,0.02497205,"Pr[<=700] (<> !isValidPosition(robPositionX[0], robPositionY[0]) )",15
NL_Specification_3,10,Robot2 shall not enter forbidden zones during navigation.,0.02497205,"Pr[<=700] (<>  !isValidPosition(robPositionX[1], robPositionY[1] ))",15
NL_Specification_3,11,Robot1 shall ensure that its battery level does not reach zero during execution of the transportation workflow.,0.02497205,Pr[<=700](<>batteryCharge[0]<=0),15
NL_Specification_3,12,Robot2 shall ensure that its battery level does not reach zero during execution of the transportation workflow.,0.02497205,Pr[<=700](<>batteryCharge[1]<=0),15
NL_Specification_3,13,The robots shall transport raw materials from the warehouse to the loading location of the surface texturization station.,0.02497205,"Pr[<=700] (<> pow(robPositionX[0] - surface_texturization_start[0], 2) + pow(robPositionY[0] - surface_texturization_start[1], 2) <= 900 && robot_inventory[0][0] == 1)",15
NL_Specification_3,14,The robots shall transport raw materials from the warehouse to the loading location of the surface texturization station.,0.02497205,"Pr[<=700] (<> pow(robPositionX[1] - surface_texturization_start[0], 2) + pow(robPositionY[1] - surface_texturization_start[1], 2) <= 900 && robot_inventory[1][0] == 1)",16
NL_Specification_3,15,The robots shall collect processed materials from the unloading location of the surface texturization station and deliver them to the loading location of the laser station.,0.02497205,"Pr[<=700] (<> pow(robPositionX[0] - laser_start[0], 2) + pow(robPositionY[0] - laser_start[1], 2) <= 900 && robot_inventory[0][1] == 1)",15
NL_Specification_3,16,The robots shall collect processed materials from the unloading location of the surface texturization station and deliver them to the loading location of the laser station.,0.02497205,"Pr[<=700] (<> pow(robPositionX[1] - laser_start[0], 2) + pow(robPositionY[1] - laser_start[1], 2) <= 900 && robot_inventory[1][1] == 1)",15
NL_Specification_3,17,The robots shall collect processed materials from the unloading location of the laser station and deposit them in the loading area.,0.02497205,"Pr[<=700] (<> pow(robPositionX[0] - loading_area[0], 2) + pow(robPositionY[0] - loading_area[1], 2) <= 900 && robot_inventory[0][2] == 1)",15
NL_Specification_3,18,The robots shall collect processed materials from the unloading location of the laser station and deposit them in the loading area.,0.02497205,"Pr[<=700] (<> pow(robPositionX[1] - loading_area[0], 2) + pow(robPositionY[1] - loading_area[1], 2) <= 900 && robot_inventory[1][2] == 1)",15
NL_Specification_3,19,Each robot shall be able to carry exactly one piece of raw or processed material at a time.,0.02497205,Pr[<=700] (<> robot_inventory[0][0] + robot_inventory[0][1] + robot_inventory[0][2] > 1),15
NL_Specification_3,20,"The robots shall maintain a safe operating speed to prevent damage to materials, equipment, or infrastructure.",0.02497205,Pr[<=700] (<> rm_1.V > rm_1._v_max),15
NL_Specification_3,21,"The robots shall maintain a safe operating speed to prevent damage to materials, equipment, or infrastructure.",0.02497205,Pr[<=700] (<> rm_2.V > rm_2._v_max),15
